Metodo,N_eventi,Pct_eventi,LOD_lo_medio,LOD_hi_medio,mu_medio,sigma_medio
LOD_fisso,75874,3.66700675028116,-3.98771367566307,3.98771367566307,4.47004592761839e-16,1.32923789188769
LOD_rolling,69459,3.35696841958746,-4.04590757268954,3.9295197786366,-0.058193897026468,0.443137660348836
