PC1_mean_of_medians,PC1_std_of_medians,PC2_mean_of_medians,PC2_std_of_medians
4.47004592761839e-16,1.32923789188769,7.02435788625748e-16,1.01302758483545
